timestamp,question,answer,rating
2025-12-19T09:02:51.723806,How much refinance was provided to RRBs?,"The total short-term refinance provided to RRBs was ₹42,093 crore in FY 2022-23 and ₹35,368 crore in FY 2021-22.",helpful
2025-12-19T09:04:20.242988,What is the total income from financial services?,"The total income from financial services can be calculated by adding the revenue from all segments. 

Revenue from Treasury: ₹ 2749.93 crore (2021-22) and ₹ 3119.69 crore (2022-23)
Revenue from Refinance: ₹ 19663.31 crore (2021-22) and ₹ 16780.81 crore (2022-23)
Revenue from Direct Lending: ₹ 17201.50 crore (2021-22) and ₹ 17149.75 crore (2022-23)
Revenue from Other Business: ₹ 235.63 crore (2021-22) and ₹ 124.93 crore (2022-23)

Total Revenue: ₹ 37175.18 crore (2021-22) and ₹ 39850.37 crore (2022-23)

However, the question asks for the total income from financial services. We can consider the Gross Income (₹ crore) which is given as ₹ 39,331 (for a specific year, but the year is not specified), ₹ 36,761, and ₹ 34,671 for different years. 

Since the year is not specified, I will provide the available information: 
The Gross Income is ₹ 39,331 crore, ₹ 36,761 crore, and ₹ 34,671 crore for different years. 

Please note that the Gross Income might not be the exact answer to the question as it might include other income as well. If you are looking for a specific year or more detailed information, please provide more context.",not_helpful
2025-12-19T09:28:37.714477,What are the key MSME schemes mentioned?,"The key MSME schemes mentioned in the NABARD reports are:

1. Long Term Irrigation Fund 
2. Seasonal Agricultural Operations (SAO) 
3. Dairy Processing and Infrastructure Development Fund (DIDF) 
4. National Rural Livelihood Mission (NRLM) 
5. Micro Irrigation Fund (MIF) 
6. Fisheries and Aquaculture Infrastructure Development Fund (FIDF)

Additionally, digital financial inclusion for women in MSMEs is also mentioned as a topic covered in seminars and webinars sanctioned by NABARD, with funding of over ₹1.8 crore.",helpful
2025-12-19T09:30:34.229319,What is the total income from financial services?,"The total income from financial services can be calculated by adding the revenue from all segments. 

Revenue from Treasury: ₹ 2749.93 crore (2021-22) and ₹ 3119.69 crore (2022-23)
Revenue from Refinance: ₹ 19663.31 crore (2021-22) and ₹ 16780.81 crore (2022-23)
Revenue from Direct Lending: ₹ 17201.50 crore (2021-22) and ₹ 17149.75 crore (2022-23)
Revenue from Other Business: ₹ 235.63 crore (2021-22) and ₹ 124.93 crore (2022-23)

Total Revenue: ₹ 37175.18 crore (2021-22) and ₹ 39850.37 crore (2022-23)

However, the question asks for the total income from financial services. We can consider the Gross Income (₹ crore) which is given as ₹ 39,331 (for a specific year, but the year is not specified), ₹ 36,761, and ₹ 34,671 for different years. 

Since the year is not specified, I will provide the Gross Income for the available years: 
₹ 39,331 crore, ₹ 36,761 crore, and ₹ 34,671 crore. 

Please note that these figures might not be directly related to the revenue from the segments mentioned earlier, as they seem to represent the overall Gross Income.",helpful
2025-12-19T09:34:32.631055,How is NABARD supporting climate and renewable energy projects?,"NABARD is supporting climate and renewable energy projects by funding initiatives such as organic farming, renewable energy, augmenting groundwater, ensuring food security, and providing economically viable solar models. As of 31 March 2023, NABARD has provided total financial assistance of ₹1,852.6 crore for 40 climate change projects at different stages of completion. 

The breakdown of the funding is as follows:
- Adaptation Fund (AF): ₹60.9 crore sanctioned for 8 projects
- National Adaptation Fund for Climate Change (NAFCC): ₹847.5 crore sanctioned for 30 projects
- Green Climate Fund (GCF): ₹944.2 crore sanctioned for 2 projects

These projects are focused on various sectors, including:
- Climate-resilient agriculture (45%)
- Water management (26%)
- Forest and ecosystems (13%)
- Livestock management (9%)
- Coastal ecosystem management (7%)

NABARD's support for these projects aims to promote climate-resilient agricultural practices, sustainable systems, and climate-smart agriculture, ultimately contributing to India's commitment to net zero emission by 2070.",helpful
2025-12-19T09:44:01.931639,What is the total income from financial services?,"The total income from financial services can be calculated by adding the revenue from all segments. 

Revenue from Treasury: ₹2749.93 crore (2021-22) and ₹3119.69 crore (2022-23)
Revenue from Refinance: ₹19663.31 crore (2021-22) and ₹16780.81 crore (2022-23)
Revenue from Direct Lending: ₹17201.50 crore (2021-22) and ₹17149.75 crore (2022-23)
Revenue from Other Business: ₹235.63 crore (2021-22) and ₹124.93 crore (2022-23)

Total Revenue (2021-22): ₹2749.93 + ₹19663.31 + ₹17201.50 + ₹235.63 = ₹37175.18 crore (as given in the table)
Total Revenue (2022-23): ₹3119.69 + ₹16780.81 + ₹17149.75 + ₹124.93 = ₹39850.37 crore (as given in the table)

However, the question asks for the total income from financial services. The given data also includes 'Income from Investment (including Discount Income)' which is ₹3053.04 crore (2021-22) and ₹3053.04 crore (2022-23) and other income. 

Gross Income (2021-22): ₹36761 crore
Gross Income (2022-23): ₹39331 crore

Therefore, the total income from financial services is ₹39331 crore (2022-23) and ₹36761 crore (2021-22).",not_helpful
2025-12-19T09:55:15.906360,What are the key MSME schemes mentioned?,"The key MSME schemes mentioned in the NABARD reports are:

1. Long Term Irrigation Fund 
2. Seasonal Agricultural Operations (SAO) 
3. Dairy Processing and Infrastructure Development Fund (DIDF) 
4. National Rural Livelihood Mission (NRLM) 
5. Micro Irrigation Fund (MIF) 
6. Fisheries and Aquaculture Infrastructure Development Fund (FIDF)

Additionally, digital financial inclusion for women in MSMEs is also mentioned as a topic covered in seminars and webinars sanctioned by NABARD, with funding of over ₹1.8 crore.",helpful
2025-12-19T10:00:58.497238,How much refinance was provided to RRBs?,"The total short-term refinance provided to RRBs was ₹42,093 crore in FY 2022-23 and ₹35,368 crore in FY 2021-22.",helpful
2025-12-19T10:18:49.291390,How much refinance was provided to RRBs?,"The total short-term refinance provided to RRBs in FY 2022-23 was ₹42,093 crore and in FY 2021-22 was ₹35,368 crore. 

Additionally, NABARD facilitated ₹8,168 crore for 22 RRBs in FY 2021-22 as part of the capital infusion plan. 

Also, the disbursement under ST credit support of NABARD to RRBs grew at 19% during FY 2022-23.",helpful
2025-12-19T10:18:56.292655,Summarize NABARD's role in rural development,"NABARD plays a key role in improving rural prosperity by enhancing both the ease of doing business and the ease of living in rural India. The organization provides technical support, handholding, and oversight to translate vision into tangible assets for rural communities. NABARD's initiatives include:

* Promoting quality infrastructure investments that are sustainable, resilient, and inclusive
* Financing under RIDF, NIDA, and Rural Infrastructure Assistance to state governments
* Focusing on accelerating direct infrastructure financing to support grain storage, new infrastructure projects such as waterways, etc.
* Improving social infrastructure, focusing on drinking water supply and sanitation
* Enhancing last-mile connectivity with ropeways and road over bridges (ROB) in addition to roads and bridges
* Promoting sustainable development in rural areas, particularly in the North East Region (NER), Jammu & Kashmir, Ladakh, and other hilly states.

Overall, NABARD aims to create new and upgrade existing rural infrastructure to revive the rural economy and foster rural development.",helpful
